symbol,name
NSE:ARE&M-EQ,AMARA RAJA ENERGY MOB LTD
NSE:EMAMIPAP-EQ,EMAMI PAPER MILLS LIMITED
NSE:FACT-EQ,FACT LTD
NSE:GODREJCP-EQ,GODREJ CONSUMER PRODUCTS
NSE:SCHAEFFLER-EQ,SCHAEFFLER INDIA LIMITED
NSE:ORICONENT-EQ,ORICON ENTERPRISES LTD
NSE:SETFNIF50-EQ,SBI-ETF NIFTY 50
NSE:BALKRISHNA-EQ,BALKRISHNA PAPER MILLS L
NSE:SHYAMCENT-EQ,SHYAM CENTURY FERROUS LTD
NSE:ADANIENSOL-EQ,ADANI ENERGY SOLUTION LTD
NSE:MANORAMA-EQ,MANORAMA INDUSTRIES LTD
NSE:FEDERALBNK-EQ,FEDERAL BANK LTD
NSE:CONFIPET-EQ,CONFIDENCE PETRO IND LTD.
NSE:SYNGENE-EQ,SYNGENE INTERNATIONAL LTD
NSE:NGLFINE-EQ,NGL FINE CHEM LIMITED
NSE:AYMSYNTEX-EQ,AYM SYNTEX LIMITED
NSE:PPL-EQ,PRAKASH PIPES LIMITED
NSE:AARON-EQ,AARON INDUSTRIES LIMITED
NSE:RAMASTEEL-EQ,RAMA STEEL TUBES LIMITED
NSE:AURUM-EQ,AURUM PROPTECH LIMITED
NSE:RADHIKAJWE-EQ,RADHIKA JEWELTECH LIMITED
NSE:DGCONTENT-EQ,DIGICONTENT LIMITED
NSE:CSLFINANCE-EQ,CSL FINANCE LIMITED
NSE:FINCABLES-EQ,FINOLEX CABLES LTD
NSE:JISLJALEQS-EQ,JAIN IRRIGATION SYSTEMS
NSE:SHAREINDIA-EQ,SHARE IND. SECURITIES LTD
NSE:STEELCITY-EQ,STEEL CITY SECURITIES LTD
NSE:KSHITIJPOL-EQ,KSHITIJ POLYLINE LIMITED
NSE:FINPIPE-EQ,FINOLEX INDUSTRIES LTD
NSE:MUTHOOTCAP-EQ,MUTHOOT CAP SERV LTD
NSE:DYCL-EQ,DYNAMIC CABLES LIMITED
NSE:AXISBNKETF-EQ,AXISAMC - AXISBNKETF
NSE:LUPIN-EQ,LUPIN LIMITED
NSE:UNITDSPR-EQ,UNITED SPIRITS LIMITED
NSE:SATIN-EQ,SATIN CREDIT NET LTD
NSE:ARVSMART-EQ,ARVIND SMARTSPACES LTD
NSE:POWERMECH-EQ,POWER MECH PROJECTS LTD.
NSE:RAMRAT-EQ,RAM RATNA WIRES LIMITED
NSE:MOHEALTH-EQ,MOTILALAMC - MOHEALTH
NSE:UTINIFTETF-EQ,UTIAMC - UTINIFTETF
NSE:CONS-EQ,KOTAKMAMC - KOTAKCONS
NSE:UTISENSETF-EQ,UTIAMC - UTISENSETF
NSE:UFLEX-EQ,UFLEX LIMITED
NSE:SHARDAMOTR-EQ,SHARDA MOTOR INDS LTD
NSE:NAVKARCORP-EQ,NAVKAR CORPORATION LTD.
NSE:RAMAPHO-EQ,RAMA PHOSPHATES LIMITED
NSE:NIFTYBEES-EQ,NIP IND ETF NIFTY BEES
NSE:KRBL-EQ,KRBL LIMITED
NSE:MPSLTD-EQ,MPS LIMITED
NSE:MARKSANS-EQ,MARKSANS PHARMA LIMITED
NSE:TCI-EQ,TRANSPORT CORPN OF INDIA
NSE:MOM30IETF-EQ,ICICIPRAMC - ICICIMOM30
NSE:SHREEPUSHK-EQ,SHRE PUSH CHEM & FERT LTD
NSE:LOYALTEX-EQ,LOYAL TEXTILE MILLS LTD
NSE:GUJGASLTD-EQ,GUJARAT GAS LIMITED
NSE:BHARTIARTL-EQ,BHARTI AIRTEL LIMITED
NSE:HDFCNEXT50-EQ,HDFCAMC - HDFCNEXT50
NSE:HDFCNIF100-EQ,HDFCAMC - HDFCNIF100
NSE:ASAL-EQ,AUTOMOTIVE STAMPINGS & AS
NSE:OLECTRA-EQ,OLECTRA GREENTECH LIMITED
NSE:PONNIERODE-EQ,PONNIE SUGARS (ERODE) LTD
NSE:PNB-EQ,PUNJAB NATIONAL BANK
NSE:MNC-EQ,KOTAKMAMC - KOTAKMNC
NSE:NIFTYQLITY-EQ,BIRLASLAMC - NIFTYQLITY
NSE:MOMENTUM-EQ,BIRLASLAMC - MOMENTUM
NSE:SURANAT&P-EQ,SURANA TELECOM AND POW LT
NSE:INFRAIETF-EQ,ICICIPRAMC - ICICIINFRA
NSE:INDIAMART-EQ,INDIAMART INTERMESH LTD
NSE:FOSECOIND-EQ,FOSECO INDIA LTD
NSE:SPORTKING-EQ,SPORTKING INDIA LIMITED
NSE:OFSS-EQ,ORACLE FIN SERV SOFT LTD.
NSE:UNIONBANK-EQ,UNION BANK OF INDIA
NSE:APTECHT-EQ,APTECH LIMITED
NSE:ZENSARTECH-EQ,ZENSAR TECHNOLOGIES  LTD
NSE:SILVERADD-EQ,DSPAMC - DSPSILVETF
NSE:OAL-EQ,ORIENTAL AROMATICS LTD
NSE:NOIDATOLL-EQ,NOIDA TOLL BRIDGE CO LTD
NSE:NUCLEUS-EQ,NUCLEUS SOFTWARE EXPORTS
NSE:SYRMA-EQ,SYRMA SGS TECHNOLOGY LTD
NSE:CANBK-EQ,CANARA BANK
NSE:MOQUALITY-EQ,MOTILALAMC - MOQUALITY
NSE:MOVALUE-EQ,MOTILALAMC - MOVALUE
NSE:GABRIEL-EQ,GABRIEL INDIA LTD
NSE:DREAMFOLKS-EQ,DREAMFOLKS SERVICES LTD
NSE:GVPTECH-EQ,GVP INFOTECH LIMITED
NSE:GRMOVER-EQ,GRM OVERSEAS LIMITED
NSE:HDFCSILVER-EQ,HDFCAMC - HDFCSILVER
NSE:DBOL-EQ,DHAMPUR BIO ORGANICS LTD
NSE:GENESYS-EQ,GENESYS INTL CORPN LTD
NSE:GODREJIND-EQ,GODREJ INDUSTRIES LTD
NSE:RADAAN-EQ,RADAAN MEDIAWORKS (I) LTD
NSE:JUNIORBEES-EQ,NIP IND ETF JUNIOR BEES
NSE:DIVISLAB-EQ,DIVI S LABORATORIES LTD
NSE:TMB-EQ,TAMILNAD MERCA BANK LTD
NSE:STCINDIA-EQ,THE STATE TRADING CORPN
NSE:RADICO-EQ,RADICO KHAITAN LTD
NSE:INDORAMA-EQ,INDO RAMA SYNTHETICS LTD
NSE:MARUTI-EQ,MARUTI SUZUKI INDIA LTD.
NSE:GARFIBRES-EQ,GARWARE TECH FIBRES LTD
NSE:LIQUIDBEES-EQ,NIP IND ETF LIQUID BEES
NSE:INFOBEAN-EQ,INFOBEANS TECHNO. LTD.
NSE:SANGINITA-EQ,SANGINITA CHEMICALS LTD
NSE:BANKIETF-EQ,ICICIPRAMC - IPRU5008
NSE:DCMNVL-EQ,DCM NOUVELLE LIMITED
NSE:SATIA-EQ,SATIA INDUSTRIES LIMITED
NSE:SIRCA-EQ,SIRCA PAINT INDIA LIMITED
NSE:SECURKLOUD-EQ,SECUREKLOUD TECH LIMITED
NSE:KSOLVES-EQ,KSOLVES INDIA LIMITED
NSE:NATHBIOGEN-EQ,NATH BIO-GENES (I) LTD
NSE:AGRITECH-EQ,AGRI-TECH (INDIA) LIMITED
NSE:LIBAS-EQ,LIBAS CONSU PRODUCTS LTD
NSE:DANGEE-EQ,DANGEE DUMS LIMITED
NSE:SUMIT-EQ,SUMIT WOODS LIMITED
NSE:SHRENIK-EQ,SHRENIK LIMITED
NSE:CREATIVE-EQ,CREATIVE NEWTECH LIMITED
NSE:HARSHA-EQ,HARSHA ENGINEERS INT LTD
NSE:IDFCFIRSTB-EQ,IDFC FIRST BANK LIMITED
NSE:AXISILVER-EQ,AXISAMC - AXISILVER
NSE:INDIGO-EQ,INTERGLOBE AVIATION LTD
NSE:SHK-EQ,S H KELKAR AND CO. LTD.
NSE:VARDHACRLC-EQ,VARDHAMAN ACRYLICS LTD
NSE:UCOBANK-EQ,UCO BANK
NSE:BAGFILMS-EQ,B.A.G FILMS AND MEDIA LTD
NSE:SUVEN-EQ,SUVEN LIFE SCIENCES LTD
NSE:JSL-EQ,JINDAL STAINLESS LIMITED
NSE:HDFCGROWTH-EQ,HDFCAMC - HDFCGROWTH
NSE:WELSPUNLIV-EQ,WELSPUN LIVING LIMITED
NSE:HDFCQUAL-EQ,HDFCAMC - HDFCQUAL
NSE:JAIBALAJI-EQ,JAI BALAJI INDUSTRIES LTD
NSE:HDFCVALUE-EQ,HDFCAMC - HDFCVALUE
NSE:IGL-EQ,INDRAPRASTHA GAS LTD
NSE:TVSELECT-EQ,TVS ELECTRONICS LTD
NSE:GHCL-EQ,GHCL LIMITED
NSE:DREDGECORP-EQ,DREDGING CORP OF INDIA
NSE:TVTODAY-EQ,TV TODAY NETWORK LTD
NSE:UPL-EQ,UPL LIMITED
NSE:GTECJAINX-EQ,G-TEC JAINX EDUCATION LTD
NSE:UNIENTER-EQ,UNIPHOS ENTERPRISES LTD
NSE:SIL-EQ,STANDARD INDUSTRIES LTD.
NSE:LUXIND-EQ,LUX INDUSTRIES LIMITED
NSE:BALAXI-EQ,BALAXI PHARMA LTD
NSE:LICNETFN50-EQ,LICNAMC - LICNFENGP
NSE:MUKANDLTD-EQ,MUKAND LTD.
NSE:APOLLO-EQ,APOLLO MICRO SYSTEMS LTD
NSE:AFFLE-EQ,AFFLE 3I LIMITED
NSE:PETRONET-EQ,PETRONET LNG LIMITED
NSE:PTC-EQ,PTC INDIA LIMITED
NSE:DHANBANK-EQ,DHANLAXMI BANK LIMITED
NSE:VAIBHAVGBL-EQ,VAIBHAV GLOBAL LIMITED
NSE:TTKHLTCARE-EQ,TTK HEALTHCARE LIMITED
NSE:BIOCON-EQ,BIOCON LIMITED.
NSE:TIPSFILMS-EQ,TIPS FILMS LIMITED
NSE:MAHABANK-EQ,BANK OF MAHARASHTRA
NSE:PVTBANIETF-EQ,ICICIPRAMC - ICICIBANKP
NSE:GICHSGFIN-EQ,GIC HOUSING FINANCE LTD
NSE:ZOTA-EQ,ZOTA HEALTH CARE LIMITED
NSE:SALZERELEC-EQ,SALZER ELECTRONICS LTD
NSE:POONAWALLA-EQ,POONAWALLA FINCORP LTD
NSE:XPROINDIA-EQ,XPRO INDIA LIMITED
NSE:RKFORGE-EQ,RAMKRISHNA FORGINGS LTD
NSE:DATAMATICS-EQ,DATAMATICS GLOBAL SER LTD
NSE:NDTV-EQ,NDTV LTD
NSE:KRITINUT-EQ,KRITI NUTRIENTS LIMITED
NSE:SPANDANA-EQ,SPANDANA SPHOORTY FIN LTD
NSE:BANKBEES-EQ,NIP IND ETF BANK BEES
NSE:LICNETFSEN-EQ,LICNAMC - LICNFESGP
NSE:GIPCL-EQ,GUJ IND POW CO. LTD
NSE:CCL-EQ,CCL PRODUCTS (I) LTD
NSE:NV20-EQ,KOTAKMAMC - KTKNV20ETF
NSE:EXCELINDUS-EQ,EXCEL INDUSTRIES LTD
NSE:KRIDHANINF-EQ,KRIDHAN INFRA LIMITED
NSE:LT-EQ,LARSEN & TOUBRO LTD.
NSE:APARINDS-EQ,APAR INDUSTRIES LTD.
NSE:AMBICAAGAR-EQ,AMBICA AGAR & AROMAINDLTD
NSE:NIITLTD-EQ,NIIT LIMITED
NSE:GLAXO-EQ,GLAXOSMITHKLINE PHARMA LT
NSE:EMIL-EQ,ELECTRONICS MART IND LTD
NSE:ULTRACEMCO-EQ,ULTRATECH CEMENT LIMITED
NSE:TCS-EQ,TATA CONSULTANCY SERV LT
NSE:HDFCMOMENT-EQ,HDFCAMC - HDFCMOMENT
NSE:COFORGE-EQ,COFORGE LIMITED
NSE:HDFCLOWVOL-EQ,HDFCAMC - HDFCLOWVOL
NSE:TEXINFRA-EQ,TEXMACO INFRA & HOLDG LTD
NSE:DCI-EQ,DC INFOTECH AND COMUN LTD
NSE:PPLPHARMA-EQ,PIRAMAL PHARMA LIMITED
NSE:FORCEMOT-EQ,FORCE MOTORS LIMITED
NSE:WESTLIFE-EQ,WESTLIFE FOODWORLD LTD
NSE:GULFPETRO-EQ,GP PETROLEUMS LIMITED
NSE:TRACXN-EQ,TRACXN TECHNOLOGIES LTD
NSE:HDFCNIFTY-EQ,HDFCAMC - HDFCNIFTY
NSE:HDFCSENSEX-EQ,HDFCAMC - HDFCSENSEX
NSE:LINCOLN-EQ,LINCOLN PHARMA LTD
NSE:GUFICBIO-EQ,GUFIC BIOSCIENCES LTD.
NSE:ASTRAMICRO-EQ,ASTRA MICROWAVE LTD
NSE:GTL-EQ,GTL LTD
NSE:WELENT-EQ,WELSPUN ENTERPRISES LTD.
NSE:NTPC-EQ,NTPC LTD
NSE:NEWGEN-EQ,NEWGEN SOFTWARE TECH LTD
NSE:BOHRAIND-EQ,BOHRA INDUSTRIES LIMITED
NSE:KOTARISUG-EQ,KOTHARI SUG & CHEM LTD.
NSE:LALPATHLAB-EQ,DR. LAL PATH LABS LTD.
NSE:JBMA-EQ,JBM AUTO LIMITED
NSE:DWARKESH-EQ,DWARIKESH SUGAR IND LTD
NSE:INDOCO-EQ,INDOCO REMEDIES LTD.
NSE:GMBREW-EQ,G M BREWERIES LTD
NSE:SUPRAJIT-EQ,SUPRAJIT ENGINEERING LTD
NSE:PATELENG-EQ,PATEL ENGINEERING LTD.
NSE:ALKEM-EQ,ALKEM LABORATORIES LTD.
NSE:XCHANGING-EQ,XCHANGING SOLUTIONS LTD
NSE:JSWSTEEL-EQ,JSW STEEL LIMITED
NSE:CONSOFINVT-EQ,CONSO. FIN. & HOLD. LTD.
NSE:GNFC-EQ,GUJ NAR VAL FER & CHEM L
NSE:JINDALPHOT-EQ,JINDAL PHOTO LIMITED
NSE:JPPOWER-EQ,JAIPRAKASH POWER VEN. LTD
NSE:GOKEX-EQ,GOKALDAS EXPORTS LTD.
NSE:ACEINTEG-EQ,ACE INTEGRATED SOLU. LTD.
NSE:EVEREADY-EQ,EVEREADY INDS. IND.  LTD.
NSE:GOYALALUM-EQ,GOYAL ALUMINIUMS LIMITED
NSE:SAKSOFT-EQ,SAKSOFT LIMITED
NSE:HPIL-EQ,HINDPRAKASH INDUSTRY LTD
NSE:ALLDIGI-EQ,ALLDIGI TECH LIMITED
NSE:SUKHJITS-EQ,SUKHJIT STARCH & CHEM LTD
NSE:IIFL-EQ,IIFL FINANCE LIMITED
NSE:GODFRYPHLP-EQ,GODFREY PHILLIPS INDIA LT
NSE:SHOPERSTOP-EQ,SHOPPERS STOP LIMITED
NSE:MANGALAM-EQ,MANGALAM DRUG & CHEM LTD
NSE:WELCORP-EQ,WELSPUN CORP LIMITED
NSE:SSWL-EQ,STEEL STRIPS WHEELS LTD.
NSE:NH-EQ,NARAYANA HRUDAYALAYA LTD.
NSE:AMBER-EQ,AMBER ENTERPRISES (I) LTD
NSE:SURYALAXMI-EQ,SURYALAKSHMI COT MIL LTD
NSE:SHAHALLOYS-EQ,SHAH ALLOYS LIMITED
NSE:GLAND-EQ,GLAND PHARMA LIMITED
NSE:JKPAPER-EQ,JK PAPER LIMITED
NSE:PRIMESECU-EQ,PRIME SECURITIES LIMITED
NSE:63MOONS-EQ,63 MOONS TECHNOLOGIES LTD
NSE:GRANULES-EQ,GRANULES INDIA LIMITED
NSE:JSWHL-EQ,JSW HOLDINGS LIMITED
NSE:MANINDS-EQ,MAN INDUSTRIES (I) LTD.
NSE:DCXINDIA-EQ,DCX SYSTEMS LIMITED
NSE:GEOJITFSL-EQ,GEOJIT FINANCIAL SER L
NSE:FMGOETZE-EQ,FEDERAL-MOGUL GOETZE (IND
NSE:GENUSPOWER-EQ,GENUS POWER INFRASTRU LTD
NSE:SWELECTES-EQ,SWELECT ENERGY SYS LTD
NSE:YESBANK-EQ,YES BANK LIMITED
NSE:MSPL-EQ,MSP STEEL & POWER LTD.
NSE:FUSION-EQ,FUSION FINANCE LIMITED
NSE:SPLIL-EQ,SPL INDUSTRIES LIMITED
NSE:MEDANTA-EQ,GLOBAL HEALTH LIMITED
NSE:KANSAINER-EQ,KANSAI NEROLAC PAINTS LTD
NSE:SEMAC-EQ,SEMAC CONSTRUCTION LTD
NSE:BIKAJI-EQ,BIKAJI FOODS INTERN LTD
NSE:GOLDIAM-EQ,GOLDIAM INTERNATIONAL LTD
NSE:RML-EQ,RANE (MADRAS) LIMITED
NSE:SASKEN-EQ,SASKEN TECHNOLOGIES LTD
NSE:ICIL-EQ,INDO COUNT INDUSTRIES LTD
NSE:SYNCOMF-EQ,SYNCOM FORMU (I) LTD
NSE:FCSSOFT-EQ,FCS SOFTWARE SOLN. LTD.
NSE:ESG-EQ,MIRAEAMC - MAESGETF
NSE:FAZE3Q-EQ,FAZE THREE LIMITED
NSE:IMPAL-EQ,IND MOTOR PART & ACC LTD
NSE:AEROENTER-EQ,AEROFLEX ENTERPRISES LTD
NSE:SUZLON-EQ,SUZLON ENERGY LIMITED
NSE:AURIONPRO-EQ,AURIONPRO SOLN LTD
NSE:ACI-EQ,ARCHEAN CHEMICAL IND LTD
NSE:RENUKA-EQ,SHREE RENUKA SUGARS LTD
NSE:FIVESTAR-EQ,FIVE-STAR BUS FIN LTD
NSE:BASML-EQ,BANNARI AM SPIN MILL LTD.
NSE:SCPL-EQ,SHEETAL COOL PRODUCTS LTD
NSE:KAYNES-EQ,KAYNES TECHNOLOGY IND LTD
NSE:HDFCNIFIT-EQ,HDFCAMC - HDFCNIFIT
NSE:HDFCPVTBAN-EQ,HDFCAMC - HDFCPVTBAN
NSE:DOLATALGO-EQ,DOLAT ALGOTECH LIMITED
NSE:DELTAMAGNT-EQ,DELTA MANUFACTURING LTD
NSE:BBTCL-EQ,B&B TRIPLEWALL CONT LTD
NSE:HNDFDS-EQ,HINDUSTAN FOODS LIMITED
NSE:INOXGREEN-EQ,INOX GREEN ENERGY SER LTD
NSE:RUSTOMJEE-EQ,KEYSTONE REALTORS LIMITED
NSE:GRASIM-EQ,GRASIM INDUSTRIES LTD
NSE:GREAVESCOT-EQ,GREAVES COTTON LTD.
NSE:ZIMLAB-EQ,ZIM LABORATORIES LIMITED
NSE:GSFC-EQ,GUJ STATE FERT & CHEM LTD
NSE:SWSOLAR-EQ,STRLNG & WIL REN ENE LTD
NSE:VINNY-EQ,VINNY OVERSEAS LIMITED
NSE:CASTROLIND-EQ,CASTROL INDIA LIMITED
NSE:FINIETF-EQ,ICICIPRAMC-ICICIFIN
NSE:PRECAM-EQ,PRECISION CAMSHAFTS LTD.
NSE:GUJALKALI-EQ,GUJARAT ALKALIES & CHEM
NSE:MBAPL-EQ,MADHYA BHARAT AGRO P. LTD
NSE:AMBUJACEM-EQ,AMBUJA CEMENTS LTD
NSE:TEAMLEASE-EQ,TEAMLEASE SERVICES LTD.
NSE:DJML-EQ,DJ MEDIAPRINT & LOG LTD
NSE:ROUTE-EQ,ROUTE MOBILE LIMITED
NSE:KRISHANA-EQ,KRISHANA PHOSCHEM LIMITED
NSE:SARVESHWAR-EQ,SARVESHWAR FOODS LIMITED
NSE:NPBET-EQ,TATAAML - NPBET
NSE:ABB-EQ,ABB INDIA LIMITED
NSE:DHARMAJ-EQ,DHARMAJ CROP GUARD LTD
NSE:SAFARI-EQ,SAFARI IND (INDIA) LTD
NSE:UNIPARTS-EQ,UNIPARTS INDIA LIMITED
NSE:360ONE-EQ,360 ONE WAM LIMITED
NSE:IIFLCAPS-EQ,IIFL CAPITAL SERVICES LTD
NSE:TRIVENI-EQ,TRIVENI ENGG. & INDS. LTD
NSE:SILVER1-EQ,KOTAKMAMC - KOTAKSILVE
NSE:AIAENG-EQ,AIA ENGINEERING LIMITED
NSE:EKC-EQ,EVEREST KANTO CYLINDERLTD
NSE:VIMTALABS-EQ,VIMTA LABS LIMITED
NSE:NAHARINDUS-EQ,NAHAR INDS ENT LTD
NSE:ORIENTCER-EQ,ORIENT CERATECH LIMITED
NSE:QUICKHEAL-EQ,QUICK HEAL TECH LTD
NSE:KERNEX-EQ,KERNEX MICROSYS(I) LTD
NSE:REPRO-EQ,REPRO INDIA LIMITED
NSE:HARRMALAYA-EQ,HARRISON MALAYALAM LTD
NSE:EBBETF0433-EQ,EDELAMC - EBBETF0433
NSE:GSEC10IETF-EQ,ICICIPRAMC - ICICI10GS
NSE:PVRINOX-EQ,PVR INOX LIMITED
NSE:GALAXYSURF-EQ,GALAXY SURFACTANTS LTD
NSE:CELEBRITY-EQ,CELEBRITY FASHIONS LTD
NSE:NITINSPIN-EQ,NITIN SPINNERS LIMITED
NSE:ROHLTD-EQ,ROYAL ORCHID HOTELS LTD
NSE:ENIL-EQ,ENTERTAIN NET. IND. LTD.
NSE:GSPL-EQ,GUJARAT STATE PETRO LTD
NSE:COMMOIETF-EQ,ICICIPRAMC - ICICICOMMO
NSE:JAGRAN-EQ,JAGRAN PRAKASHAN LIMITED
NSE:SULA-EQ,SULA VINEYARDS LIMITED
NSE:SADBHAV-EQ,SADBHAV ENGINEERING LTD
NSE:SAKUMA-EQ,SAKUMA EXPORTS LIMITED
NSE:KEC-EQ,KEC INTL. LIMITED
NSE:HCL-INSYS-EQ,HCL INFOSYSTEMS LTD
NSE:JKCEMENT-EQ,JK CEMENT LIMITED
NSE:INDOTECH-EQ,INDO TECH TRANSFORM LTD.
NSE:LANDMARK-EQ,LANDMARK CARS LIMITED
NSE:MARINE-EQ,MARINE ELECTRICAL (I) LTD
NSE:M&MFIN-EQ,M&M FIN. SERVICES LTD
NSE:AFSL-EQ,ABANS FINANCIAL SRVCS LTD
NSE:BLKASHYAP-EQ,B.L.KASHYAP & SON LTD
NSE:NITCO-EQ,NITCO LIMITED
NSE:CENTURYPLY-EQ,CENTURY PLYBOARDS (I) LTD
NSE:KEI-EQ,KEI INDUSTRIES LTD.
NSE:HDFCBANK-EQ,HDFC BANK LTD
NSE:SOLARINDS-EQ,SOLAR INDUSTRIES (I) LTD
NSE:GALLANTT-EQ,GALLANTT ISPAT LIMITED
NSE:VAKRANGEE-EQ,VAKRANGEE LIMITED
NSE:MALUPAPER-EQ,MALU PAPER MILLS LIMITED
NSE:KFINTECH-EQ,KFIN TECHNOLOGIES LIMITED
NSE:HEG-EQ,HEG LTD
NSE:SGL-EQ,STL GLOBAL LIMITED
NSE:UTTAMSUGAR-EQ,UTTAM SUGAR MILLS LTD.
NSE:SDBL-EQ,SOM DIST & BREW LTD
NSE:KKCL-EQ,KEWAL KIRAN CLOTHING LTD
NSE:BHAGERIA-EQ,BHAGERIA INDUSTRIES LTD
NSE:SUNTV-EQ,SUN TV NETWORK LIMITED
NSE:GPIL-EQ,GODAWARI POW & ISP LTD
NSE:RSYSTEMS-EQ,R SYS INTERNATIONAL LTD
NSE:ELIN-EQ,ELIN ELECTRONICS LIMITED
NSE:KELLTONTEC-EQ,KELLTON TECH SOL LTD
NSE:LOKESHMACH-EQ,LOKESH MACHINES LTD
NSE:BALPHARMA-EQ,BAL PHARMA LTD.
NSE:RATNAMANI-EQ,RATNAMANI MET & TUB LTD.
NSE:KAMDHENU-EQ,KAMDHENU LIMITED
NSE:PIONEEREMB-EQ,PIONEER EMBROIDERIES LTD
NSE:HEROMOTOCO-EQ,HERO MOTOCORP LIMITED
NSE:JKLAKSHMI-EQ,JK LAKSHMI CEMENT LTD
NSE:PFOCUS-EQ,PRIME FOCUS LIMITED
NSE:ALLCARGO-EQ,ALLCARGO LOGISTICS LTD
NSE:AKASH-EQ,AKASH INFRA-PROJECTS LTD
NSE:MUNJALAU-EQ,MUNJAL AUTO IND. LTD.
NSE:EMAMILTD-EQ,EMAMI LIMITED
NSE:NECCLTD-EQ,NORTH EAST CARRY CORP LTD
NSE:GMRAIRPORT-EQ,GMR AIRPORTS LIMITED
NSE:VIDHIING-EQ,VIDHI SPCLTY F INGRDNTS L
NSE:TECHM-EQ,TECH MAHINDRA LIMITED
NSE:AVONMORE-EQ,AVONMORE CAP&MGT SERV LTD
NSE:GRINDWELL-EQ,GRINDWELL NORTON LIMITED
NSE:RAMANEWS-EQ,SHREE RAMA NEWSPRINT LTD
NSE:VOLTAMP-EQ,VOLTAMP TRANSFORMERS LTD
NSE:RADIANTCMS-EQ,RADIANT CASH MGMT SER LTD
NSE:ACE-EQ,ACTION CONST EQUIP LTD
NSE:ANTELOPUS-EQ,ANTELOPUS SELAN ENRGY LTD
NSE:ANDHRSUGAR-EQ,ANDHRA SUGARS LTD
NSE:HIMATSEIDE-EQ,HIMATSINGKA SEIDE LTD
NSE:IRCTC-EQ,INDIAN RAIL TOUR CORP LTD
NSE:ANANTRAJ-EQ,ANANT RAJ LIMITED
NSE:BILVYAPAR-EQ,BIL VYAPAR LIMITED
NSE:HINDALCO-EQ,HINDALCO  INDUSTRIES  LTD
NSE:SKYGOLD-EQ,SKY GOLD AND DIAMONDS LTD
NSE:JMFINANCIL-EQ,JM FINANCIAL LIMITED
NSE:ELECON-EQ,ELECON ENG. CO. LTD
NSE:BANKETFADD-EQ,DSPAMC - DSPBANKETF
NSE:TALBROAUTO-EQ,TALBROS AUTO. COMP. LTD
NSE:ALICON-EQ,ALICON CASTALLOY LIMITED
NSE:GEECEE-EQ,GEECEE VENTURES LIMITED
NSE:MADHUCON-EQ,MADHUCON PROJECTS LTD.
NSE:NRL-EQ,NUPUR RECYCLERS LIMITED
NSE:ACLGATI-EQ,ALLCARGO GATI LIMITED
NSE:AERONEU-EQ,AEROFLEX NEU LIMITED
NSE:VISHWARAJ-EQ,VISHWARAJ SUGAR IND LTD
NSE:FIEMIND-EQ,FIEM INDUSTRIES LIMITED
NSE:HINDCOMPOS-EQ,HINDUSTAN COMPOSITES LTD.
NSE:JHS-EQ,JHS SVEND. LAB. LTD
NSE:DCBBANK-EQ,DCB BANK LIMITED
NSE:INSPIRISYS-EQ,INSPIRISYS SOLUTIONS LTD
NSE:GLOBALVECT-EQ,GLOBAL VEC HELICORP LTD
NSE:SHYAMTEL-EQ,SHYAM TELECOM LIMITED
NSE:GTLINFRA-EQ,GTL INFRA.LTD
NSE:HCC-EQ,HINDUSTAN CONSTRUCTION CO
NSE:FLUOROCHEM-EQ,GUJARAT FLUOROCHEM LTD
NSE:NAUKRI-EQ,INFO EDGE (I) LTD
NSE:MANOMAY-EQ,MANOMAY TEX INDIA LTD
NSE:SHIVAMAUTO-EQ,SHIVAM AUTO.LTD
NSE:BBL-EQ,BHARAT BIJLEE LTD
NSE:GESHIP-EQ,THE GE SHPG.LTD
NSE:TORNTPOWER-EQ,TORRENT POWER LTD
NSE:PARSVNATH-EQ,PARSVNATH DEVELOPER LTD
NSE:BAIDFIN-EQ,BAID FINSERV LIMITED
NSE:MANALIPETC-EQ,MANALI PETROCHEMICALS LT
NSE:SUTLEJTEX-EQ,SUTLEJ TEXT & INDUS LTD
NSE:GREENPANEL-EQ,GREENPANEL INDUSTRIES LTD
NSE:KAMOPAINTS-EQ,KAMDHENU VENTURES LIMITED
NSE:LTFOODS-EQ,LT FOODS LIMITED
NSE:RUCHIRA-EQ,RUCHIRA PAPERS LIMITED
NSE:SOBHA-EQ,SOBHA LIMITED
NSE:DONEAR-EQ,DONEAR IND. LIMITED
NSE:MMFL-EQ,MM FORGINGS LTD
NSE:VENUSREM-EQ,VENUS REMEDIES LIMITED
NSE:AARTIPHARM-EQ,AARTI PHARMALABS LIMITED
NSE:KUANTUM-EQ,KUANTUM PAPERS LIMITED
NSE:JINDRILL-EQ,JINDAL DRILLING IND. LTD
NSE:BANCOINDIA-EQ,BANCO PRODUCTS (I) LTD
NSE:HIRECT-EQ,HIND RECTIFIER LIMITED
NSE:CREST-EQ,CREST VENTURES LIMITED
NSE:PLASTIBLEN-EQ,PLASTIBLENDS INDIA LTD
NSE:NFL-EQ,NATIONAL FERT. LTD
NSE:HINDUNILVR-EQ,HINDUSTAN UNILEVER LTD.
NSE:LIQUID1-EQ,KOTAKMAMC - KOTAKLIQ
NSE:PARACABLES-EQ,PARAMOUNT COMM LTD
NSE:HBLENGINE-EQ,HBL ENGINEERING LTD
NSE:TANLA-EQ,TANLA PLATFORMS LIMITED
NSE:JASH-EQ,JASH ENGINEERING LIMITED
NSE:ABSLBANETF-EQ,BIRLASLAMC - ABSLBANETF
NSE:ZEEMEDIA-EQ,ZEE MEDIA CORPORATION LTD
NSE:AVTNPL-EQ,AVT NATURAL PRODUCTS LTD
NSE:LUMAXTECH-EQ,LUMAX AUTO TECH LTD
NSE:VEEDOL-EQ,VEEDOL CORPORATION LTD
NSE:HINDOILEXP-EQ,HINDUSTAN OIL EXPLORATION
NSE:SARLAPOLY-EQ,SARLA PERF. FIBERS LTD
NSE:SANGHVIMOV-EQ,SANGHVI MOVERS LTD
NSE:HINDPETRO-EQ,HINDUSTAN PETROLEUM CORP
NSE:WANBURY-EQ,WANBURY LIMITED
NSE:SAGCEM-EQ,SAGAR CEMENTS LIMITED
NSE:IGPL-EQ,I G PETROCHEMICALS LTD
NSE:SIYSIL-EQ,SIYARAM SILK MILLS LTD
NSE:PTL-EQ,PTL ENTERPRISES LTD
NSE:AUTOIND-EQ,AUTOLINE INDUSTRIES LTD
NSE:NETWORK18-EQ,NETWORK18 MEDIA & INV LTD
NSE:GANDHITUBE-EQ,GANDHI SPL. TUBES LTD
NSE:AGI-EQ,AGI GREENPAC LIMITED
NSE:PITTIENG-EQ,PITTI ENGINEERING LIMITED
NSE:SBGLP-EQ,SURATWWALA BUS GROUP LTD
NSE:GLOBAL-EQ,GLOBAL EDUCATION LIMITED
NSE:BTML-EQ,BODHI TREE MULTIMEDIA LTD
NSE:UNOMINDA-EQ,UNO MINDA LIMITED
NSE:NSLNISP-EQ,NMDC STEEL LIMITED
NSE:NINSYS-EQ,NINTEC SYSTEMS LIMITED
NSE:TIMKEN-EQ,TIMKEN INDIA LTD.
NSE:HUBTOWN-EQ,HUBTOWN LIMITED
NSE:CTE-EQ,CAMBRIDGE TECH ENTER LTD
NSE:TIIL-EQ,TECHNOCRAFT IND LTD
NSE:HDFCBSE500-EQ,HDFCAMC - HDFCBSE500
NSE:HDFCSML250-EQ,HDFCAMC - HDFCSML250
NSE:HDFCMID150-EQ,HDFCAMC - HDFCMID150
NSE:HINDZINC-EQ,HINDUSTAN ZINC LIMITED
NSE:TVSSRICHAK-EQ,TVS SRICHAKRA LIMITED
NSE:REDINGTON-EQ,REDINGTON LIMITED
NSE:PGIL-EQ,PEARL GLOBAL IND LIMITED
NSE:ORIENTBELL-EQ,ORIENT BELL LIMITED
NSE:GOLDETF-EQ,MIRAEAMC - MAGOLDETF
NSE:SEQUENT-EQ,SEQUENT SCIENTIFIC LTD.
NSE:PFC-EQ,POWER FIN CORP LTD.
NSE:FSL-EQ,FIRSTSOURCE SOLU. LTD.
NSE:INDIANB-EQ,INDIAN BANK
NSE:TTL-EQ,T T LIMITED
NSE:TFL-EQ,TRANSWARRANTY FIN. LTD.
NSE:SMSPHARMA-EQ,SMS PHARMACEUTICALS LTD.
NSE:HSCL-EQ,HIMADRI SPECIALITY CHEM L
NSE:GANESHHOU-EQ,GANESH HOUSING LIMITED
NSE:ORIENTALTL-EQ,ORIENTAL TRIMEX LTD
NSE:APOLLOPIPE-EQ,APOLLO PIPES LIMITED
NSE:IDEA-EQ,VODAFONE IDEA LIMITED
NSE:POCL-EQ,PONDY OXIDES & CHEM LTD
NSE:AMDIND-EQ,AMD INDUSTRIES LIMITED
NSE:GODREJAGRO-EQ,GODREJ AGROVET LIMITED
NSE:RAJTV-EQ,RAJ TV NETWORK LTD
NSE:PAGEIND-EQ,PAGE INDUSTRIES LTD
NSE:ASTRAL-EQ,ASTRAL LIMITED
NSE:SANOFI-EQ,SANOFI INDIA LIMITED
NSE:LAOPALA-EQ,LA OPALA RG LIMITED
NSE:GOLDBEES-EQ,NIP IND ETF GOLD BEES
NSE:JKTYRE-EQ,JK TYRE & INDUSTRIES LTD
NSE:NAHARSPING-EQ,NAHAR SPINNING MILLS LTD.
